filename,width,height,class,xmin,ymin,xmax,ymax
dbdpostmatch4.png,1919,1079,borrowed_time,187,297,236,345
dbdpostmatch4.png,1919,1079,balanced_landing,242,297,291,345
dbdpostmatch4.png,1919,1079,well_make_it,297,297,346,345
dbdpostmatch4.png,1919,1079,unbreakable,352,298,401,346
dbdpostmatch4.png,1919,1079,iron_will,186,409,235,457
dbdpostmatch4.png,1919,1079,spine_chill,241,409,290,457
dbdpostmatch4.png,1919,1079,borrowed_time,296,409,345,457
dbdpostmatch4.png,1919,1079,soul_guard,351,409,400,457
dbdpostmatch4.png,1919,1079,iron_will,185,520,234,568
dbdpostmatch4.png,1919,1079,spine_chill,242,521,291,569
dbdpostmatch4.png,1919,1079,dead_hard,298,521,347,569
dbdpostmatch4.png,1919,1079,borrowed_time,353,521,402,569
dbdpostmatch4.png,1919,1079,resilience,186,631,235,679
dbdpostmatch4.png,1919,1079,empathy,242,631,291,679
dbdpostmatch4.png,1919,1079,botany_knowledge,297,630,346,678
dbdpostmatch4.png,1919,1079,spine_chill,352,630,401,678
dbdpostmatch4.png,1919,1079,hex:huntress_lullaby,185,742,234,790
dbdpostmatch4.png,1919,1079,bitter_murmur,244,743,293,791
dbdpostmatch4.png,1919,1079,spies_from_the_shadow,298,742,347,790
dbdpostmatch4.png,1919,1079,monstrous_shrine,352,744,401,792
dbdpostmatch5.jpg,1200,675,lithe,180,217,211,247
dbdpostmatch5.jpg,1200,675,adrenaline,214,217,245,247
dbdpostmatch5.jpg,1200,675,decisive_strike,249,216,280,246
dbdpostmatch5.jpg,1200,675,iron_will,284,217,315,247
dbdpostmatch5.jpg,1200,675,dead_hard,179,286,210,316
dbdpostmatch5.jpg,1200,675,kindred,214,287,245,317
dbdpostmatch5.jpg,1200,675,unbreakable,249,287,280,317
dbdpostmatch5.jpg,1200,675,self_care,283,286,314,316
dbdpostmatch5.jpg,1200,675,dead_hard,179,356,210,386
dbdpostmatch5.jpg,1200,675,were_gonna_live_forever,214,356,245,386
dbdpostmatch5.jpg,1200,675,well_make_it,249,356,280,386
dbdpostmatch5.jpg,1200,675,decisive_strike,283,356,314,386
dbdpostmatch5.jpg,1200,675,iron_will,179,425,210,455
dbdpostmatch5.jpg,1200,675,kindred,215,425,246,455
dbdpostmatch5.jpg,1200,675,inner_healing,249,426,280,456
dbdpostmatch5.jpg,1200,675,detectives_hunch,283,425,314,455
dbdpostmatch5.jpg,1200,675,hex:ruin,180,496,211,526
dbdpostmatch5.jpg,1200,675,bbq_and_chilli,215,496,246,526
dbdpostmatch5.jpg,1200,675,thanatophobia,249,496,280,526
dbdpostmatch5.jpg,1200,675,surveillance,284,496,315,526
dbdpostmatch6.png,1280,720,resilience,124,198,158,233
dbdpostmatch6.png,1280,720,adrenaline,162,198,196,233
dbdpostmatch6.png,1280,720,dead_hard,199,198,233,233
dbdpostmatch6.png,1280,720,iron_will,236,197,270,232
dbdpostmatch6.png,1280,720,self_care,124,271,158,306
dbdpostmatch6.png,1280,720,for_the_people,162,271,196,306
dbdpostmatch6.png,1280,720,saboteur,199,272,233,307
dbdpostmatch6.png,1280,720,iron_will,236,272,270,307
dbdpostmatch6.png,1280,720,lithe,124,347,158,382
dbdpostmatch6.png,1280,720,self_care,162,347,196,382
dbdpostmatch6.png,1280,720,spine_chill,199,347,233,382
dbdpostmatch6.png,1280,720,prove_thyself,236,347,270,382
dbdpostmatch6.png,1280,720,deja_vu,124,420,158,455
dbdpostmatch6.png,1280,720,adrenaline,162,420,196,455
dbdpostmatch6.png,1280,720,sprint_burst,199,420,233,455
dbdpostmatch6.png,1280,720,spine_chill,236,420,270,455
dbdpostmatch6.png,1280,720,make_your_choice,123,494,157,529
dbdpostmatch6.png,1280,720,lightborn,161,494,195,529
dbdpostmatch6.png,1280,720,iron_maiden,198,495,232,530
dbdpostmatch6.png,1280,720,surveillance,236,494,270,529
dbdpostmatch7.jpg,1920,1080,adrenaline,186,297,237,347
dbdpostmatch7.jpg,1920,1080,decisive_strike,240,297,291,347
dbdpostmatch7.jpg,1920,1080,deliverance,296,297,347,347
dbdpostmatch7.jpg,1920,1080,spine_chill,351,297,402,347
dbdpostmatch7.jpg,1920,1080,iron_will,184,410,235,460
dbdpostmatch7.jpg,1920,1080,lithe,241,410,292,460
dbdpostmatch7.jpg,1920,1080,technician,296,409,347,459
dbdpostmatch7.jpg,1920,1080,dance_with_me,352,408,403,458
dbdpostmatch7.jpg,1920,1080,spine_chill,185,522,236,572
dbdpostmatch7.jpg,1920,1080,unbreakable,241,522,292,572
dbdpostmatch7.jpg,1920,1080,decisive_strike,297,523,348,573
dbdpostmatch7.jpg,1920,1080,dead_hard,352,522,403,572
dbdpostmatch7.jpg,1920,1080,self_care,186,630,237,680
dbdpostmatch7.jpg,1920,1080,adrenaline,241,631,292,681
dbdpostmatch7.jpg,1920,1080,quick_and_quiet,296,631,347,681
dbdpostmatch7.jpg,1920,1080,well_make_it,351,630,402,680
dbdpostmatch7.jpg,1920,1080,monitor_and_abuse,185,742,236,792
dbdpostmatch7.jpg,1920,1080,infectious_fright,242,742,293,792
dbdpostmatch7.jpg,1920,1080,whispers,298,742,349,792
dbdpostmatch7.jpg,1920,1080,bbq_and_chilli,353,742,404,792
dbdpostmatch8.png,1920,1050,sprint_burst,187,267,238,317
dbdpostmatch8.png,1920,1050,self_care,243,267,294,317
dbdpostmatch8.png,1920,1050,empathy,297,267,348,317
dbdpostmatch8.png,1920,1050,kindred,354,267,405,317
dbdpostmatch8.png,1920,1050,well_make_it,187,377,238,427
dbdpostmatch8.png,1920,1050,borrowed_time,244,378,295,428
dbdpostmatch8.png,1920,1050,dead_hard,299,376,350,426
dbdpostmatch8.png,1920,1050,windows_of_opportunity,353,378,404,428
dbdpostmatch8.png,1920,1050,iron_will,187,490,238,540
dbdpostmatch8.png,1920,1050,kindred,245,490,296,540
dbdpostmatch8.png,1920,1050,balanced_landing,297,490,348,540
dbdpostmatch8.png,1920,1050,adrenaline,352,490,403,540
dbdpostmatch8.png,1920,1050,self_care,186,600,237,650
dbdpostmatch8.png,1920,1050,tenacity,242,599,293,649
dbdpostmatch8.png,1920,1050,urban_evasion,299,599,350,649
dbdpostmatch8.png,1920,1050,unbreakable,353,599,404,649
dbdpostmatch8.png,1920,1050,sloppy_butcher,187,711,238,761
dbdpostmatch8.png,1920,1050,bbq_and_chilli,244,713,295,763
dbdpostmatch8.png,1920,1050,save_the_best_for_last,299,713,350,763
dbdpostmatch8.png,1920,1050,hex:devour_hope,354,713,405,763
dbd_scoreboard1.jpg,1920,1080,vigil,186,299,237,348
dbd_scoreboard1.jpg,1920,1080,sole_survivor,240,299,291,348
dbd_scoreboard1.jpg,1920,1080,self_care,296,298,347,347
dbd_scoreboard1.jpg,1920,1080,sprint_burst,351,299,402,348
dbd_scoreboard1.jpg,1920,1080,self_care,187,410,238,459
dbd_scoreboard1.jpg,1920,1080,borrowed_time,241,410,292,459
dbd_scoreboard1.jpg,1920,1080,unbreakable,296,411,347,460
dbd_scoreboard1.jpg,1920,1080,bond,351,410,402,459
dbd_scoreboard1.jpg,1920,1080,borrowed_time,186,523,237,572
dbd_scoreboard1.jpg,1920,1080,adrenaline,241,523,292,572
dbd_scoreboard1.jpg,1920,1080,sprint_burst,296,521,347,570
dbd_scoreboard1.jpg,1920,1080,self_care,353,522,404,571
dbd_scoreboard1.jpg,1920,1080,urban_evasion,185,633,236,682
dbd_scoreboard1.jpg,1920,1080,dead_hard,242,632,293,681
dbd_scoreboard1.jpg,1920,1080,adrenaline,297,632,348,681
dbd_scoreboard1.jpg,1920,1080,decisive_strike,350,632,401,681
dbd_scoreboard1.jpg,1920,1080,bbq_and_chilli,186,745,237,794
dbd_scoreboard1.jpg,1920,1080,distressing,240,744,291,793
dbd_scoreboard1.jpg,1920,1080,hex:ruin,297,744,348,793
dbd_scoreboard1.jpg,1920,1080,a_nurses_calling,352,745,403,794
dbd_scoreboard2.png,640,578,circle_of_healing,96,139,128,170
dbd_scoreboard2.png,640,578,balanced_landing,133,139,165,170
dbd_scoreboard2.png,640,578,bond,172,139,204,170
dbd_scoreboard2.png,640,578,windows_of_opportunity,210,140,242,171
dbd_scoreboard2.png,640,578,balanced_landing,97,216,129,247
dbd_scoreboard2.png,640,578,prove_thyself,134,216,166,247
dbd_scoreboard2.png,640,578,ace_in_the_hole,172,216,204,247
dbd_scoreboard2.png,640,578,visionary,210,216,242,247
dbd_scoreboard2.png,640,578,bond,96,293,128,324
dbd_scoreboard2.png,640,578,balanced_landing,133,293,165,324
dbd_scoreboard2.png,640,578,open_handed,173,292,205,323
dbd_scoreboard2.png,640,578,borrowed_time,210,293,242,324
dbd_scoreboard2.png,640,578,self_aware,95,369,127,400
dbd_scoreboard2.png,640,578,balanced_landing,134,369,166,400
dbd_scoreboard2.png,640,578,bond,172,368,204,399
dbd_scoreboard2.png,640,578,windows_of_opportunity,208,368,240,399
dbd_scoreboard2.png,640,578,hex:retribution,95,446,127,477
dbd_scoreboard2.png,640,578,hex:ruin,134,447,166,478
dbd_scoreboard2.png,640,578,hex:undying,172,447,204,478
dbd_scoreboard2.png,640,578,hex:pentimento,209,447,241,478
dbd_scoreboard3.jpg,1080,608,flashbang,105,166,134,194
dbd_scoreboard3.jpg,1080,608,spine_chill,136,166,165,194
dbd_scoreboard3.jpg,1080,608,any_means_necessary,167,166,196,194
dbd_scoreboard3.jpg,1080,608,lithe,198,166,227,194
dbd_scoreboard3.jpg,1080,608,renewal,104,229,133,257
dbd_scoreboard3.jpg,1080,608,botany_knowledge,135,228,164,256
dbd_scoreboard3.jpg,1080,608,dead_hard,167,228,196,256
dbd_scoreboard3.jpg,1080,608,adrenaline,198,228,227,256
dbd_scoreboard3.jpg,1080,608,iron_will,104,293,133,321
dbd_scoreboard3.jpg,1080,608,decisive_strike,137,293,166,321
dbd_scoreboard3.jpg,1080,608,sprint_burst,167,293,196,321
dbd_scoreboard3.jpg,1080,608,unbreakable,199,293,228,321
dbd_scoreboard3.jpg,1080,608,self_aware,104,354,133,382
dbd_scoreboard3.jpg,1080,608,dead_hard,136,354,165,382
dbd_scoreboard3.jpg,1080,608,adrenaline,167,354,196,382
dbd_scoreboard3.jpg,1080,608,borrowed_time,198,355,227,383
dbd_scoreboard3.jpg,1080,608,agitation,104,417,133,445
dbd_scoreboard3.jpg,1080,608,iron_grasp,136,417,165,445
dbd_scoreboard3.jpg,1080,608,starstruck,168,418,197,446
dbd_scoreboard3.jpg,1080,608,mad_grit,199,418,228,446
dbd_scoreboard4.jpg,1919,1074,dance_with_me,186,295,237,343
dbd_scoreboard4.jpg,1919,1074,iron_will,241,294,292,342
dbd_scoreboard4.jpg,1919,1074,lithe,297,294,348,342
dbd_scoreboard4.jpg,1919,1074,quick_and_quiet,351,294,402,342
dbd_scoreboard4.jpg,1919,1074,unbreakable,186,407,237,455
dbd_scoreboard4.jpg,1919,1074,prove_thyself,242,407,293,455
dbd_scoreboard4.jpg,1919,1074,lithe,298,407,349,455
dbd_scoreboard4.jpg,1919,1074,decisive_strike,353,408,404,456
dbd_scoreboard4.jpg,1919,1074,tenacity,186,520,237,568
dbd_scoreboard4.jpg,1919,1074,unbreakable,242,519,293,567
dbd_scoreboard4.jpg,1919,1074,urban_evasion,297,519,348,567
dbd_scoreboard4.jpg,1919,1074,self_care,353,519,404,567
dbd_scoreboard4.jpg,1919,1074,quick_and_quiet,185,629,236,677
dbd_scoreboard4.jpg,1919,1074,plunderers_instinct,243,628,294,676
dbd_scoreboard4.jpg,1919,1074,balanced_landing,298,629,349,677
dbd_scoreboard4.jpg,1919,1074,self_healing,353,629,404,677
dbd_scoreboard4.jpg,1919,1074,coup_de_grace,186,741,237,789
dbd_scoreboard4.jpg,1919,1074,oppression,242,742,293,790
dbd_scoreboard4.jpg,1919,1074,hoarder,298,741,349,789
dbd_scoreboard4.jpg,1919,1074,blank_perk,352,742,403,790
dbd_scoreboard5.jpg,1920,1080,adrenaline,186,298,237,346
dbd_scoreboard5.jpg,1920,1080,decisive_strike,242,298,293,346
dbd_scoreboard5.jpg,1920,1080,borrowed_time,297,298,348,346
dbd_scoreboard5.jpg,1920,1080,urban_evasion,352,297,403,345
dbd_scoreboard5.jpg,1920,1080,urban_evasion,185,410,236,458
dbd_scoreboard5.jpg,1920,1080,streetwise,240,410,291,458
dbd_scoreboard5.jpg,1920,1080,sprint_burst,296,410,347,458
dbd_scoreboard5.jpg,1920,1080,adrenaline,350,410,401,458
dbd_scoreboard5.jpg,1920,1080,detectives_hunch,185,522,236,570
dbd_scoreboard5.jpg,1920,1080,inner_healing,242,522,293,570
dbd_scoreboard5.jpg,1920,1080,decisive_strike,297,522,348,570
dbd_scoreboard5.jpg,1920,1080,borrowed_time,351,522,402,570
dbd_scoreboard5.jpg,1920,1080,self_care,184,630,235,678
dbd_scoreboard5.jpg,1920,1080,kindred,240,630,291,678
dbd_scoreboard5.jpg,1920,1080,spine_chill,297,630,348,678
dbd_scoreboard5.jpg,1920,1080,hope,353,630,404,678
dbd_scoreboard5.jpg,1920,1080,gearhead,184,744,235,792
dbd_scoreboard5.jpg,1920,1080,hex:retribution,241,744,292,792
dbd_scoreboard5.jpg,1920,1080,dead_man_switch,295,744,346,792
dbd_scoreboard5.jpg,1920,1080,blank_perk,351,743,402,791
dbd_scoreboard6.jpg,0,0,corrective_action,142,102,199,153
dbd_scoreboard6.jpg,0,0,boon:exponential,206,103,263,154
dbd_scoreboard6.jpg,0,0,unbreakable,268,102,325,153
dbd_scoreboard6.jpg,0,0,overcome,331,101,388,152
dbd_scoreboard6.jpg,0,0,boon:exponential,142,228,199,279
dbd_scoreboard6.jpg,0,0,corrective_action,205,228,262,279
dbd_scoreboard6.jpg,0,0,overcome,268,228,325,279
dbd_scoreboard6.jpg,0,0,overcome,143,354,200,405
dbd_scoreboard6.jpg,0,0,boon:exponential,206,354,263,405
dbd_scoreboard6.jpg,0,0,corrective_action,268,354,325,405
dbd_scoreboard6.jpg,0,0,circle_of_healing,331,353,388,404
dbd_scoreboard6.jpg,0,0,boon:exponential,142,478,199,529
dbd_scoreboard6.jpg,0,0,circle_of_healing,205,478,262,529
dbd_scoreboard6.jpg,0,0,corrective_action,268,480,325,531
dbd_scoreboard6.jpg,0,0,overcome,330,479,387,530
dbd_scoreboard6.jpg,0,0,grim_embrace,140,605,197,656
dbd_scoreboard6.jpg,0,0,pain_resonance,205,606,262,657
dbd_scoreboard6.jpg,0,0,hex:pentimento,268,606,325,657
dbd_scoreboard6.jpg,0,0,blank_perk,334,606,391,657
dbd_scoreboard6.jpg,0,0,blank_perk,332,228,389,279
dbd_scoreboard7.jpg,1280,720,unbreakable,191,181,225,214
dbd_scoreboard7.jpg,1280,720,calm_spirit,228,181,262,214
dbd_scoreboard7.jpg,1280,720,well_make_it,264,181,298,214
dbd_scoreboard7.jpg,1280,720,hope,301,181,335,214
dbd_scoreboard7.jpg,1280,720,lithe,190,256,224,289
dbd_scoreboard7.jpg,1280,720,self_care,227,256,261,289
dbd_scoreboard7.jpg,1280,720,bond,264,256,298,289
dbd_scoreboard7.jpg,1280,720,quick_and_quiet,301,255,335,288
dbd_scoreboard7.jpg,1280,720,left_behind,190,332,224,365
dbd_scoreboard7.jpg,1280,720,unbreakable,227,331,261,364
dbd_scoreboard7.jpg,1280,720,self_care,263,331,297,364
dbd_scoreboard7.jpg,1280,720,premonition,300,331,334,364
dbd_scoreboard7.jpg,1280,720,self_care,191,402,225,435
dbd_scoreboard7.jpg,1280,720,blank_perk,228,403,262,436
dbd_scoreboard7.jpg,1280,720,blank_perk,265,403,299,436
dbd_scoreboard7.jpg,1280,720,blank_perk,303,403,337,436
dbd_scoreboard7.jpg,1280,720,beast_of_prey,191,478,225,511
dbd_scoreboard7.jpg,1280,720,territorial_imperative,228,478,262,511
dbd_scoreboard7.jpg,1280,720,hex:huntress_lullaby,265,479,299,512
dbd_scoreboard7.jpg,1280,720,blank_perk,302,479,336,512
dbd_scoreboard8.jpg,0,0,urban_evasion,131,212,168,246
dbd_scoreboard8.jpg,0,0,sprint_burst,171,212,208,246
dbd_scoreboard8.jpg,0,0,lightweight,210,212,247,246
dbd_scoreboard8.jpg,0,0,self_care,249,211,286,245
dbd_scoreboard8.jpg,0,0,self_care,131,291,168,325
dbd_scoreboard8.jpg,0,0,urban_evasion,172,291,209,325
dbd_scoreboard8.jpg,0,0,diversion,212,291,249,325
dbd_scoreboard8.jpg,0,0,head_on,250,291,287,325
dbd_scoreboard8.jpg,0,0,technician,130,371,167,405
dbd_scoreboard8.jpg,0,0,sprint_burst,172,371,209,405
dbd_scoreboard8.jpg,0,0,self_care,212,371,249,405
dbd_scoreboard8.jpg,0,0,kindred,250,371,287,405
dbd_scoreboard8.jpg,0,0,decisive_strike,131,449,168,483
dbd_scoreboard8.jpg,0,0,prove_thyself,172,449,209,483
dbd_scoreboard8.jpg,0,0,inner_healing,211,449,248,483
dbd_scoreboard8.jpg,0,0,empathy,250,449,287,483
dbd_scoreboard8.jpg,0,0,hex:huntress_lullaby,131,529,168,563
dbd_scoreboard8.jpg,0,0,bitter_murmur,171,529,208,563
dbd_scoreboard8.jpg,0,0,hex:thrill_of_the_hunt,210,529,247,563
dbd_scoreboard8.jpg,0,0,unrelenting,251,529,288,563
DeadByDaylight-Win64-Shipping 2021-10-27 00-00-11.png,2560,1440,circle_of_healing,201,460,252,514
DeadByDaylight-Win64-Shipping 2021-10-27 00-00-11.png,2560,1440,dead_hard,260,460,311,514
DeadByDaylight-Win64-Shipping 2021-10-27 00-00-11.png,2560,1440,borrowed_time,318,460,369,514
DeadByDaylight-Win64-Shipping 2021-10-27 00-00-11.png,2560,1440,unbreakable,377,460,428,514
DeadByDaylight-Win64-Shipping 2021-10-27 00-00-11.png,2560,1440,unbreakable,202,579,253,633
DeadByDaylight-Win64-Shipping 2021-10-27 00-00-11.png,2560,1440,borrowed_time,261,579,312,633
DeadByDaylight-Win64-Shipping 2021-10-27 00-00-11.png,2560,1440,iron_will,318,579,369,633
DeadByDaylight-Win64-Shipping 2021-10-27 00-00-11.png,2560,1440,dead_hard,377,579,428,633
DeadByDaylight-Win64-Shipping 2021-10-27 00-00-11.png,2560,1440,dead_hard,202,700,253,754
DeadByDaylight-Win64-Shipping 2021-10-27 00-00-11.png,2560,1440,circle_of_healing,260,700,311,754
DeadByDaylight-Win64-Shipping 2021-10-27 00-00-11.png,2560,1440,unbreakable,319,698,370,752
DeadByDaylight-Win64-Shipping 2021-10-27 00-00-11.png,2560,1440,boon:shadow_step,377,698,428,752
DeadByDaylight-Win64-Shipping 2021-10-27 00-00-11.png,2560,1440,saboteur,200,816,251,870
DeadByDaylight-Win64-Shipping 2021-10-27 00-00-11.png,2560,1440,dead_hard,259,816,310,870
DeadByDaylight-Win64-Shipping 2021-10-27 00-00-11.png,2560,1440,bond,319,816,370,870
DeadByDaylight-Win64-Shipping 2021-10-27 00-00-11.png,2560,1440,built_to_last,377,816,428,870
DeadByDaylight-Win64-Shipping 2021-10-27 00-00-11.png,2560,1440,blank_perk,201,935,252,989
DeadByDaylight-Win64-Shipping 2021-10-27 00-00-11.png,2560,1440,blank_perk,260,934,311,988
DeadByDaylight-Win64-Shipping 2021-10-27 00-00-11.png,2560,1440,blank_perk,320,936,371,990
DeadByDaylight-Win64-Shipping 2021-10-27 00-00-11.png,2560,1440,blank_perk,379,936,430,990
DeadByDaylight-Win64-Shipping 2021-12-27 16-07-17.png,2560,1440,iron_will,200,462,253,514
DeadByDaylight-Win64-Shipping 2021-12-27 16-07-17.png,2560,1440,self_aware,258,462,311,514
DeadByDaylight-Win64-Shipping 2021-12-27 16-07-17.png,2560,1440,circle_of_healing,316,461,369,513
DeadByDaylight-Win64-Shipping 2021-12-27 16-07-17.png,2560,1440,lithe,377,461,430,513
DeadByDaylight-Win64-Shipping 2021-12-27 16-07-17.png,2560,1440,overcome,199,580,252,632
DeadByDaylight-Win64-Shipping 2021-12-27 16-07-17.png,2560,1440,circle_of_healing,258,581,311,633
DeadByDaylight-Win64-Shipping 2021-12-27 16-07-17.png,2560,1440,lucky_break,318,581,371,633
DeadByDaylight-Win64-Shipping 2021-12-27 16-07-17.png,2560,1440,borrowed_time,376,582,429,634
DeadByDaylight-Win64-Shipping 2021-12-27 16-07-17.png,2560,1440,decisive_strike,197,700,250,752
DeadByDaylight-Win64-Shipping 2021-12-27 16-07-17.png,2560,1440,borrowed_time,259,699,312,751
DeadByDaylight-Win64-Shipping 2021-12-27 16-07-17.png,2560,1440,dead_hard,317,701,370,753
DeadByDaylight-Win64-Shipping 2021-12-27 16-07-17.png,2560,1440,prove_thyself,374,701,427,753
DeadByDaylight-Win64-Shipping 2021-12-27 16-07-17.png,2560,1440,dead_hard,200,817,253,869
DeadByDaylight-Win64-Shipping 2021-12-27 16-07-17.png,2560,1440,decisive_strike,257,817,310,869
DeadByDaylight-Win64-Shipping 2021-12-27 16-07-17.png,2560,1440,renewal,314,817,367,869
DeadByDaylight-Win64-Shipping 2021-12-27 16-07-17.png,2560,1440,resilience,374,815,427,867
DeadByDaylight-Win64-Shipping 2021-12-27 16-07-17.png,2560,1440,blank_perk,201,936,254,988
DeadByDaylight-Win64-Shipping 2021-12-27 16-07-17.png,2560,1440,blank_perk,258,935,311,987
DeadByDaylight-Win64-Shipping 2021-12-27 16-07-17.png,2560,1440,blank_perk,315,934,368,986
DeadByDaylight-Win64-Shipping 2021-12-27 16-07-17.png,2560,1440,blank_perk,372,935,425,987
iconPerks_AceInTheHole.png,256,256,ace_in_the_hole,57,53,209,197
iconPerks_Adrenaline.png,256,256,adrenaline,63,63,206,200
iconPerks_Aftercare.png,256,256,aftercare,22,37,232,190
iconPerks_Agitation.png,256,256,agitation,52,72,207,199
iconPerks_Alert.png,256,256,alert,29,49,205,224
iconPerks_ANursesCalling.png,256,256,a_nurses_calling,51,61,213,189
iconPerks_AnyMeansNecessary.png,256,256,any_means_necessary,44,35,193,228
iconPerks_Appraisal.png,256,256,appraisal,26,26,206,234
iconPerks_Autodidact.png,256,256,autodidact,42,56,220,204
iconPerks_BabySitter.png,256,256,guardian,55,42,210,230
iconPerks_BalancedLanding.png,256,256,balanced_landing,46,31,213,235
iconPerks_Bamboozle.png,256,256,bamboozle,39,57,215,221
iconPerks_BarbecueChilli.png,256,256,bbq_and_chilli,44,39,203,227
iconPerks_BeastOfPrey.png,256,256,beast_of_prey,61,58,224,207
iconPerks_BetterTogether.png,256,256,situational_awareness,45,37,202,240
iconPerks_BiteTheBullet.png,256,256,bite_the_bullet,45,63,209,208
iconPerks_BitterMurmur.png,256,256,bitter_murmur,38,63,197,218
iconPerks_BlastMine.png,256,256,blast_mine,39,14,236,215
iconPerks_BloodEcho.png,256,256,blood_echo,52,47,202,215
iconPerks_Bloodhound.png,256,256,bloodhound,62,53,187,205
iconPerks_BloodPact.png,256,256,blood_pact,37,56,214,241
iconPerks_BloodWarden.png,256,256,blood_warden,34,46,216,226
iconPerks_BoilOver.png,256,256,boil_over,66,48,185,212
iconPerks_Bond.png,256,256,bond,44,63,209,198
iconPerks_BoonCircleOfHealing.png,256,256,circle_of_healing,45,33,211,207
iconPerks_BoonShadowStep.png,256,256,boon:shadow_step,48,31,206,226
iconPerks_BorrowedTime.png,256,256,borrowed_time,82,43,212,214
iconPerks_BotanyKnowledge.png,256,256,botany_knowledge,54,69,209,188
iconPerks_Breakdown.png,256,256,breakdown,50,39,202,211
iconPerks_Breakout.png,256,256,breakout,54,58,204,204
iconPerks_BrutalStrength.png,256,256,brutal_strength,39,63,210,191
iconPerks_BuckleUp.png,256,256,buckle_up,23,28,232,173
iconPerks_BuiltToLast.png,256,256,built_to_last,45,54,214,242
iconPerks_CalmSpirit.png,256,256,calm_spirit,53,44,201,202
iconPerks_Camaraderie.png,256,256,kinship,46,27,209,221
iconPerks_Clairvoyance.png,256,256,clairvoyance,33,33,220,211
iconPerks_CorruptIntervention.png,256,256,corrupt_intervention,44,42,211,218
iconPerks_Coulrophobia.png,256,256,coulrophobia,43,44,219,220
iconPerks_Counterforce.png,256,256,counterforce,49,32,206,203
iconPerks_CoupDeGrace.png,256,256,coup_de_grace,33,58,205,227
iconPerks_CruelConfinement.png,256,256,claustrophobia,51,16,208,239
iconPerks_DanceWithMe.png,256,256,dance_with_me,41,41,191,200
iconPerks_DarkDevotion.png,256,256,dark_devotion,37,40,219,222
iconPerks_DarkSense.png,256,256,dark_sense,45,73,234,184
iconPerks_DeadHard.png,256,256,dead_hard,77,29,197,200
iconPerks_DeadManSwitch.png,256,256,dead_man_switch,28,26,234,236
iconPerks_Deathbound.png,256,256,deathbound,68,49,192,215
iconPerks_Deception.png,256,256,deception,48,63,208,203
iconPerks_decisiveStrike.png,256,256,decisive_strike,49,59,205,187
iconPerks_Deerstalker.png,256,256,deerstalker,68,46,192,224
iconPerks_DejaVu.png,256,256,deja_vu,50,71,233,181
iconPerks_Deliverance.png,256,256,deliverance,26,5,220,241
iconPerks_DesperateMeasures.png,256,256,desperate_measures,55,16,198,232
iconPerks_DetectivesHunch.png,256,256,detectives_hunch,53,44,203,218
iconPerks_DevourHope.png,256,256,hex:devour_hope,68,62,191,203
iconPerks_Discordance.png,256,256,discordance,69,32,186,208
iconPerks_Distortion.png,256,256,distortion,62,32,190,217
iconPerks_Distressing.png,256,256,distressing,50,57,216,199
iconPerks_Diversion.png,256,256,diversion,18,76,242,186
iconPerks_DragonsGrip.png,256,256,dragons_grip,34,41,221,224
iconPerks_DyingLight.png,256,256,dying_light,56,48,203,205
iconPerks_Empathy.png,256,256,empathy,52,41,209,185
iconPerks_Enduring.png,256,256,enduring,61,43,190,214
iconPerks_Eruption.png,256,256,eruption,57,20,196,232
iconPerks_FastTrack.png,256,256,fast_track,65,27,194,238
iconPerks_FireUp.png,256,256,fire_up,54,20,195,225
iconPerks_Fixated.png,256,256,self_aware,51,26,203,221
iconPerks_Flashbang.png,256,256,flashbang,26,71,219,212
iconPerks_FlipFlop.png,256,256,flip_flop,66,43,190,237
iconPerks_ForcedPenance.png,256,256,forced_penance,55,18,190,226
iconPerks_ForThePeople.png,256,256,for_the_people,63,52,233,229
iconPerks_FranklinsLoss.png,256,256,franklins_demise,42,41,205,200
iconPerks_FurtiveChase.png,256,256,furtive_chase,41,22,215,213
iconPerks_GearHead.png,256,256,gearhead,67,54,188,216
iconPerks_GeneratorOvercharge.png,256,256,overcharge,56,51,208,217
iconPerks_HangmansTrick.png,256,256,hangmans_trick,25,62,217,197
iconPerks_Hatred.png,256,256,rancor,36,37,220,223
iconPerks_HauntedGround.png,256,256,hex:haunted_grounds,44,17,214,235
iconPerks_HeadOn.png,256,256,head_on,45,59,204,235
iconPerks_HexBloodFavor.png,256,256,hex:blood_favor,20,51,233,226
iconPerks_HexCrowdControl.png,256,256,hex:crowd_control,21,38,235,240
iconPerks_HexRetribution.png,256,256,hex:retribution,38,29,227,242
iconPerks_HexUndying.png,256,256,hex:undying,20,23,209,227
iconPerks_Hoarder.png,256,256,hoarder,43,50,244,235
iconPerks_Hope.png,256,256,hope,65,65,195,202
iconPerks_HuntressLullaby.png,256,256,hex:huntress_lullaby,42,32,210,203
iconPerks_Hysteria.png,256,256,hysteria,17,44,237,233
iconPerks_ImAllEars.png,256,256,im_all_ears,22,44,202,228
iconPerks_InfectiousFright.png,256,256,infectious_fright,31,48,228,226
iconPerks_InnerStrength.png,256,256,inner_healing,52,28,200,236
iconPerks_Insidious.png,256,256,insidious,51,32,208,197
iconPerks_IronGrasp.png,256,256,iron_grasp,33,60,215,184
iconPerks_IronMaiden.png,256,256,iron_maiden,65,41,189,196
iconPerks_IronWill.png,256,256,iron_will,47,69,215,198
iconPerks_Kindred.png,256,256,kindred,49,71,233,182
iconPerks_KnockOut.png,256,256,knockout,65,45,189,230
iconPerks_Leader.png,256,256,leader,58,80,200,212
iconPerks_LeftBehind.png,256,256,left_behind,76,43,183,203
iconPerks_LethalPursuer.png,256,256,lethal_pursuer,34,39,215,225
iconPerks_Lightborn.png,256,256,lightborn,37,69,216,190
iconPerks_Lightweight.png,256,256,lightweight,39,85,210,178
iconPerks_Lithe.png,256,256,lithe,46,60,204,209
iconPerks_LuckyBreak.png,256,256,lucky_break,52,45,181,215
iconPerks_MadGrit.png,256,256,mad_grit,9,26,235,240
iconPerks_MakeYourChoice.png,256,256,make_your_choice,59,52,199,222
iconPerks_MettleOfMan.png,256,256,mettle_of_man,70,49,172,215
iconPerks_MindBreaker.png,256,256,fearmonger,15,26,235,240
iconPerks_MonitorAbuse.png,256,256,monitor_and_abuse,24,45,237,201
iconPerks_MonstrousShrine.png,256,256,monstrous_shrine,47,11,205,202
iconPerks_Nemesis.png,256,256,nemesis,34,40,223,215
iconPerks_NoMither.png,256,256,no_mither,56,29,206,209
iconPerks_NoOneEscapesDeath.png,256,256,no_one_escapes_death,60,51,202,192
iconPerks_NoOneLeftBehind.png,256,256,no_one_left_behind,68,43,187,215
iconPerks_NoWayOut.png,256,256,no_way_out,40,39,211,217
iconPerks_ObjectOfObsession.png,256,256,object_of_obsession,49,71,233,182
iconPerks_OffTheRecord.png,256,256,off_the_record,60,46,199,209
iconPerks_OpenHanded.png,256,256,open_handed,45,50,193,223
iconPerks_Oppression.png,256,256,oppression,41,62,228,189
iconPerks_OverwhelmingPresence.png,256,256,overwhelming_presence,39,41,218,216
iconPerks_Pharmacy.png,256,256,pharmacy,52,42,203,209
iconPerks_PlayWithYourFood.png,256,256,play_with_your_food,51,51,203,211
iconPerks_PlunderersInstinct.png,256,256,plunderers_instinct,45,68,204,203
iconPerks_Poised.png,256,256,poised,30,24,215,211
iconPerks_PopGoesTheWeasel.png,256,256,pop_goes_the_weasel,52,31,207,225
iconPerks_PowerStruggle.png,256,256,power_struggle,16,27,241,238
iconPerks_Predator.png,256,256,predator,28,32,216,225
iconPerks_Premonition.png,256,256,premonition,33,31,217,235
iconPerks_ProveThyself.png,256,256,prove_thyself,64,50,193,214
iconPerks_QuickQuiet.png,256,256,quick_and_quiet,25,42,182,222
iconPerks_RedHerring.png,256,256,red_herring,44,50,217,198
iconPerks_RememberMe.png,256,256,remember_me,46,44,209,209
iconPerks_RepressedAlliance.png,256,256,repressed_alliance,25,56,244,201
iconPerks_Resilience.png,256,256,resilience,79,35,179,216
iconPerks_Resurgence.png,256,256,resurgence,41,35,195,233
iconPerks_RookieSpirit.png,256,256,rookie_spirit,43,31,204,185
iconPerks_Ruin.png,256,256,hex:ruin,55,53,211,201
iconPerks_Saboteur.png,256,256,saboteur,67,36,205,211
iconPerks_SaveTheBestForLast.png,256,256,save_the_best_for_last,52,49,205,230
iconPerks_SecondWind.png,256,256,renewal,60,57,188,217
iconPerks_SelfCare.png,256,256,self_care,68,47,211,222
iconPerks_SelfPreservation.png,256,256,self_preservation,18,32,209,226
iconPerks_Shadowborn.png,256,256,shadowborn,42,69,225,188
iconPerks_SlipperyMeat.png,256,256,slippery_meat,83,19,172,237
iconPerks_SloppyButcher.png,256,256,sloppy_butcher,62,67,196,194
iconPerks_SmallGame.png,256,256,small_game,24,24,219,238
iconPerks_SmashHit.png,256,256,smash_hit,29,50,232,207
iconPerks_SoleSurvivor.png,256,256,sole_survivor,37,56,215,207
iconPerks_Solidarity.png,256,256,solidarity,51,52,217,216
iconPerks_SoulGuard.png,256,256,soul_guard,69,51,179,241
iconPerks_SpiesFromTheShadows.png,256,256,spies_from_the_shadow,53,81,205,205
iconPerks_SpineChill.png,256,256,spine_chill,80,44,186,210
iconPerks_SpiritFury.png,256,256,spirit_fury,30,48,221,202
iconPerks_SprintBurst.png,256,256,sprint_burst,48,48,203,211
iconPerks_StakeOut.png,256,256,stake_out,52,59,222,225
iconPerks_Starstruck.png,256,256,starstruck,49,38,225,242
iconPerks_Streetwise.png,256,256,streetwise,28,70,223,180
iconPerks_Stridor.png,256,256,stridor,38,33,234,190
iconPerks_Surge.png,256,256,jolt,27,31,235,228
iconPerks_Surveillance.png,256,256,surveillance,69,47,196,230
iconPerks_Tenacity.png,256,256,tenacity,43,46,182,215
iconPerks_TerritorialImperative.png,256,256,territorial_imperative,48,42,199,219
iconPerks_Thatanophobia.png,256,256,thanatophobia,53,44,204,209
iconPerks_TheThirdSeal.png,256,256,hex:third_seal,66,46,194,209
iconPerks_ThisIsNotHappening.png,256,256,this_is_not_happening,49,41,206,194
iconPerks_ThrillingTremors.png,256,256,thrilling_tremors,50,42,203,227
iconPerks_ThrillOfTheHunt.png,256,256,hex:thrill_of_the_hunt,50,53,202,221
iconPerks_Tinkerer.png,256,256,tinkerer,56,33,204,188
iconPerks_TrailOfTorment.png,256,256,trail_of_torment,43,36,212,210
iconPerks_Unbreakable.png,256,256,unbreakable,64,43,180,225
iconPerks_UnnervingPresence.png,256,256,unnerving_presence,49,27,207,198
iconPerks_Unrelenting.png,256,256,unrelenting,58,47,211,204
iconPerks_UpTheAnte.png,256,256,up_the_ante,70,29,195,216
iconPerks_UrbanEvasion.png,256,256,urban_evasion,20,64,208,204
iconPerks_Vigil.png,256,256,vigil,55,42,214,205
iconPerks_Visionary.png,256,256,visionary,32,46,218,231
iconPerks_WakeUp.png,256,256,wake_up,38,48,214,190
iconPerks_WellMakeIt.png,256,256,well_make_it,72,46,196,199
iconPerks_WereGonnaLiveForever.png,256,256,were_gonna_live_forever,69,29,196,220
iconPerks_Whispers.png,256,256,whispers,48,50,221,230
iconPerks_WindowsOfOpportunity.png,256,256,windows_of_opportunity,26,75,220,191
iconPerks_ZanshinTactics.png,256,256,zanshin_tactics,28,16,218,217
postmatch.jpg,690,560,prove_thyself,92,86,131,125
postmatch.jpg,690,560,were_gonna_live_forever,135,86,174,125
postmatch.jpg,690,560,borrowed_time,178,87,217,126
postmatch.jpg,690,560,repressed_alliance,220,87,259,126
postmatch.jpg,690,560,borrowed_time,93,174,132,213
postmatch.jpg,690,560,balanced_landing,135,173,174,212
postmatch.jpg,690,560,decisive_strike,178,173,217,212
postmatch.jpg,690,560,adrenaline,220,173,259,212
postmatch.jpg,690,560,borrowed_time,92,260,131,299
postmatch.jpg,690,560,balanced_landing,135,260,174,299
postmatch.jpg,690,560,decisive_strike,178,259,217,298
postmatch.jpg,690,560,iron_will,220,259,259,298
postmatch.jpg,690,560,borrowed_time,92,344,131,383
postmatch.jpg,690,560,were_gonna_live_forever,135,344,174,383
postmatch.jpg,690,560,prove_thyself,178,345,217,384
postmatch.jpg,690,560,iron_will,220,344,259,383
postmatch.jpg,690,560,hex:huntress_lullaby,91,430,130,469
postmatch.jpg,690,560,blank_perk,134,430,173,469
postmatch.jpg,690,560,blank_perk,177,431,216,470
postmatch.jpg,690,560,blank_perk,221,431,260,470
postmatch2.jpg,867,746,iron_will,151,127,201,177
postmatch2.jpg,867,746,calm_spirit,206,127,256,177
postmatch2.jpg,867,746,dark_sense,259,126,309,176
postmatch2.jpg,867,746,saboteur,316,126,366,176
postmatch2.jpg,867,746,self_aware,150,239,200,289
postmatch2.jpg,867,746,kindred,206,240,256,290
postmatch2.jpg,867,746,premonition,260,240,310,290
postmatch2.jpg,867,746,well_make_it,316,239,366,289
postmatch2.jpg,867,746,premonition,149,352,199,402
postmatch2.jpg,867,746,quick_and_quiet,205,352,255,402
postmatch2.jpg,867,746,sprint_burst,261,351,311,401
postmatch2.jpg,867,746,kindred,316,352,366,402
postmatch2.jpg,867,746,kindred,149,460,199,510
postmatch2.jpg,867,746,leader,205,460,255,510
postmatch2.jpg,867,746,premonition,260,461,310,511
postmatch2.jpg,867,746,dark_sense,315,461,365,511
postmatch2.jpg,867,746,oppression,149,574,199,624
postmatch2.jpg,867,746,discordance,206,574,256,624
postmatch2.jpg,867,746,monitor_and_abuse,260,574,310,624
postmatch2.jpg,867,746,franklins_demise,315,574,365,624
postmatch3.png,1284,720,spine_chill,218,199,251,231
postmatch3.png,1284,720,borrowed_time,255,199,288,231
postmatch3.png,1284,720,dead_hard,292,199,325,231
postmatch3.png,1284,720,unbreakable,329,198,362,230
postmatch3.png,1284,720,sprint_burst,218,273,251,305
postmatch3.png,1284,720,decisive_strike,255,274,288,306
postmatch3.png,1284,720,borrowed_time,292,273,325,305
postmatch3.png,1284,720,iron_will,329,273,362,305
postmatch3.png,1284,720,decisive_strike,219,348,252,380
postmatch3.png,1284,720,dead_hard,255,348,288,380
postmatch3.png,1284,720,unbreakable,291,348,324,380
postmatch3.png,1284,720,iron_will,328,348,361,380
postmatch3.png,1284,720,decisive_strike,219,421,252,453
postmatch3.png,1284,720,unbreakable,255,421,288,453
postmatch3.png,1284,720,dead_hard,292,421,325,453
postmatch3.png,1284,720,iron_will,329,421,362,453
postmatch3.png,1284,720,corrupt_intervention,219,496,252,528
postmatch3.png,1284,720,lightborn,255,496,288,528
postmatch3.png,1284,720,hex:ruin,292,496,325,528
postmatch3.png,1284,720,bbq_and_chilli,329,496,362,528
vlcsnap-2022-01-08-21h02m01s512.png,1920,1080,decisive_strike,190,299,237,347
vlcsnap-2022-01-08-21h02m01s512.png,1920,1080,adrenaline,242,298,289,346
vlcsnap-2022-01-08-21h02m01s512.png,1920,1080,dead_hard,299,298,346,346
vlcsnap-2022-01-08-21h02m01s512.png,1920,1080,hope,354,297,401,345
vlcsnap-2022-01-08-21h02m01s512.png,1920,1080,quick_and_quiet,188,409,235,457
vlcsnap-2022-01-08-21h02m01s512.png,1920,1080,power_struggle,244,410,291,458
vlcsnap-2022-01-08-21h02m01s512.png,1920,1080,lithe,299,409,346,457
vlcsnap-2022-01-08-21h02m01s512.png,1920,1080,any_means_necessary,353,410,400,458
vlcsnap-2022-01-08-21h02m01s512.png,1920,1080,borrowed_time,190,522,237,570
vlcsnap-2022-01-08-21h02m01s512.png,1920,1080,decisive_strike,245,522,292,570
vlcsnap-2022-01-08-21h02m01s512.png,1920,1080,dead_hard,298,521,345,569
vlcsnap-2022-01-08-21h02m01s512.png,1920,1080,spine_chill,356,522,403,570
vlcsnap-2022-01-08-21h02m01s512.png,1920,1080,dead_hard,188,630,235,678
vlcsnap-2022-01-08-21h02m01s512.png,1920,1080,red_herring,242,631,289,679
vlcsnap-2022-01-08-21h02m01s512.png,1920,1080,decisive_strike,297,629,344,677
vlcsnap-2022-01-08-21h02m01s512.png,1920,1080,circle_of_healing,355,630,402,678
vlcsnap-2022-01-08-21h02m01s512.png,1920,1080,hex:ruin,185,742,232,790
vlcsnap-2022-01-08-21h02m01s512.png,1920,1080,hex:undying,245,741,292,789
vlcsnap-2022-01-08-21h02m01s512.png,1920,1080,lethal_pursuer,299,741,346,789
vlcsnap-2022-01-08-21h02m01s512.png,1920,1080,bbq_and_chilli,352,741,399,789
vlcsnap-2022-01-08-21h04m56s833.png,1920,1080,iron_will,190,427,237,449
vlcsnap-2022-01-08-21h04m56s833.png,1920,1080,dead_hard,244,426,291,448
vlcsnap-2022-01-08-21h04m56s833.png,1920,1080,decisive_strike,298,426,345,448
vlcsnap-2022-01-08-21h04m56s833.png,1920,1080,borrowed_time,352,426,399,448
vlcsnap-2022-01-08-21h04m56s833.png,1920,1080,dead_hard,188,479,235,501
vlcsnap-2022-01-08-21h04m56s833.png,1920,1080,decisive_strike,243,479,290,501
vlcsnap-2022-01-08-21h04m56s833.png,1920,1080,borrowed_time,299,479,346,501
vlcsnap-2022-01-08-21h04m56s833.png,1920,1080,iron_will,353,480,400,502
vlcsnap-2022-01-08-21h04m56s833.png,1920,1080,decisive_strike,189,532,236,554
vlcsnap-2022-01-08-21h04m56s833.png,1920,1080,borrowed_time,243,532,290,554
vlcsnap-2022-01-08-21h04m56s833.png,1920,1080,iron_will,299,532,346,554
vlcsnap-2022-01-08-21h04m56s833.png,1920,1080,dead_hard,353,532,400,554
vlcsnap-2022-01-08-21h04m56s833.png,1920,1080,dead_hard,188,583,235,605
vlcsnap-2022-01-08-21h04m56s833.png,1920,1080,circle_of_healing,244,582,291,604
vlcsnap-2022-01-08-21h04m56s833.png,1920,1080,borrowed_time,298,582,345,604
vlcsnap-2022-01-08-21h04m56s833.png,1920,1080,iron_will,352,583,399,605
vlcsnap-2022-01-08-21h04m56s833.png,1920,1080,blank_perk,189,638,236,660
vlcsnap-2022-01-08-21h04m56s833.png,1920,1080,blank_perk,242,638,289,660
vlcsnap-2022-01-08-21h04m56s833.png,1920,1080,blank_perk,296,638,343,660
vlcsnap-2022-01-08-21h04m56s833.png,1920,1080,blank_perk,352,638,399,660
vlcsnap-2022-01-08-21h25m46s451.png,1920,1080,dead_hard,131,369,166,404
vlcsnap-2022-01-08-21h25m46s451.png,1920,1080,were_gonna_live_forever,168,368,203,403
vlcsnap-2022-01-08-21h25m46s451.png,1920,1080,adrenaline,208,369,243,404
vlcsnap-2022-01-08-21h25m46s451.png,1920,1080,borrowed_time,245,369,280,404
vlcsnap-2022-01-08-21h25m46s451.png,1920,1080,dead_hard,130,445,165,480
vlcsnap-2022-01-08-21h25m46s451.png,1920,1080,hope,170,446,205,481
vlcsnap-2022-01-08-21h25m46s451.png,1920,1080,borrowed_time,207,447,242,482
vlcsnap-2022-01-08-21h25m46s451.png,1920,1080,self_care,246,447,281,482
vlcsnap-2022-01-08-21h25m46s451.png,1920,1080,spine_chill,130,525,165,560
vlcsnap-2022-01-08-21h25m46s451.png,1920,1080,dead_hard,169,525,204,560
vlcsnap-2022-01-08-21h25m46s451.png,1920,1080,decisive_strike,208,525,243,560
vlcsnap-2022-01-08-21h25m46s451.png,1920,1080,self_care,246,526,281,561
vlcsnap-2022-01-08-21h25m46s451.png,1920,1080,adrenaline,130,602,165,637
vlcsnap-2022-01-08-21h25m46s451.png,1920,1080,dead_hard,169,602,204,637
vlcsnap-2022-01-08-21h25m46s451.png,1920,1080,decisive_strike,208,602,243,637
vlcsnap-2022-01-08-21h25m46s451.png,1920,1080,iron_will,246,602,281,637
vlcsnap-2022-01-08-21h25m46s451.png,1920,1080,shadowborn,131,682,166,717
vlcsnap-2022-01-08-21h25m46s451.png,1920,1080,scourage_hook:pain_resonance,169,682,204,717
vlcsnap-2022-01-08-21h25m46s451.png,1920,1080,pop_goes_the_weasel,207,682,242,717
vlcsnap-2022-01-08-21h25m46s451.png,1920,1080,eruption,246,682,281,717
vlcsnap-2022-01-08-22h04m08s783.png,1920,1080,unbreakable,188,312,237,358
vlcsnap-2022-01-08-22h04m08s783.png,1920,1080,boil_over,242,312,291,358
vlcsnap-2022-01-08-22h04m08s783.png,1920,1080,flip_flop,296,312,345,358
vlcsnap-2022-01-08-22h04m08s783.png,1920,1080,power_struggle,352,312,401,358
vlcsnap-2022-01-08-22h04m08s783.png,1920,1080,kinship,186,418,235,464
vlcsnap-2022-01-08-22h04m08s783.png,1920,1080,self_aware,243,417,292,463
vlcsnap-2022-01-08-22h04m08s783.png,1920,1080,kindred,297,416,346,462
vlcsnap-2022-01-08-22h04m08s783.png,1920,1080,slippery_meat,353,416,402,462
vlcsnap-2022-01-08-22h04m08s783.png,1920,1080,dead_hard,187,523,236,569
vlcsnap-2022-01-08-22h04m08s783.png,1920,1080,resilience,242,523,291,569
vlcsnap-2022-01-08-22h04m08s783.png,1920,1080,spine_chill,297,523,346,569
vlcsnap-2022-01-08-22h04m08s783.png,1920,1080,iron_will,351,523,400,569
vlcsnap-2022-01-08-22h04m08s783.png,1920,1080,dead_hard,187,626,236,672
vlcsnap-2022-01-08-22h04m08s783.png,1920,1080,kindred,242,626,291,672
vlcsnap-2022-01-08-22h04m08s783.png,1920,1080,well_make_it,296,626,345,672
vlcsnap-2022-01-08-22h04m08s783.png,1920,1080,were_gonna_live_forever,352,626,401,672
vlcsnap-2022-01-08-22h04m08s783.png,1920,1080,furtive_chase,187,733,236,779
vlcsnap-2022-01-08-22h04m08s783.png,1920,1080,jolt,243,732,292,778
vlcsnap-2022-01-08-22h04m08s783.png,1920,1080,fearmonger,298,734,347,780
vlcsnap-2022-01-08-22h04m08s783.png,1920,1080,thrilling_tremors,351,732,400,778
vlcsnap-2022-01-08-23h50m03s622.png,1920,1080,dead_hard,159,334,202,375
vlcsnap-2022-01-08-23h50m03s622.png,1920,1080,decisive_strike,205,334,248,375
vlcsnap-2022-01-08-23h50m03s622.png,1920,1080,iron_will,252,334,295,375
vlcsnap-2022-01-08-23h50m03s622.png,1920,1080,windows_of_opportunity,298,334,341,375
vlcsnap-2022-01-08-23h50m03s622.png,1920,1080,iron_will,158,428,201,469
vlcsnap-2022-01-08-23h50m03s622.png,1920,1080,alert,205,428,248,469
vlcsnap-2022-01-08-23h50m03s622.png,1920,1080,dead_hard,252,428,295,469
vlcsnap-2022-01-08-23h50m03s622.png,1920,1080,ace_in_the_hole,298,429,341,470
vlcsnap-2022-01-08-23h50m03s622.png,1920,1080,borrowed_time,158,523,201,564
vlcsnap-2022-01-08-23h50m03s622.png,1920,1080,iron_will,205,524,248,565
vlcsnap-2022-01-08-23h50m03s622.png,1920,1080,dead_hard,252,524,295,565
vlcsnap-2022-01-08-23h50m03s622.png,1920,1080,windows_of_opportunity,298,524,341,565
vlcsnap-2022-01-08-23h50m03s622.png,1920,1080,dead_hard,158,617,201,658
vlcsnap-2022-01-08-23h50m03s622.png,1920,1080,were_gonna_live_forever,205,617,248,658
vlcsnap-2022-01-08-23h50m03s622.png,1920,1080,circle_of_healing,251,617,294,658
vlcsnap-2022-01-08-23h50m03s622.png,1920,1080,borrowed_time,298,617,341,658
vlcsnap-2022-01-09-00h03m28s527.png,1280,720,botany_knowledge,127,212,159,244
vlcsnap-2022-01-09-00h03m28s527.png,1280,720,lithe,164,212,196,244
vlcsnap-2022-01-09-00h03m28s527.png,1280,720,for_the_people,201,212,233,244
vlcsnap-2022-01-09-00h03m28s527.png,1280,720,flip_flop,237,212,269,244
vlcsnap-2022-01-09-00h03m28s527.png,1280,720,prove_thyself,126,285,158,317
vlcsnap-2022-01-09-00h03m28s527.png,1280,720,windows_of_opportunity,164,285,196,317
vlcsnap-2022-01-09-00h03m28s527.png,1280,720,borrowed_time,200,285,232,317
vlcsnap-2022-01-09-00h03m28s527.png,1280,720,dead_hard,237,285,269,317
vlcsnap-2022-01-09-00h03m28s527.png,1280,720,circle_of_healing,126,357,158,389
vlcsnap-2022-01-09-00h03m28s527.png,1280,720,lithe,163,357,195,389
vlcsnap-2022-01-09-00h03m28s527.png,1280,720,iron_will,201,357,233,389
vlcsnap-2022-01-09-00h03m28s527.png,1280,720,adrenaline,237,357,269,389
vlcsnap-2022-01-09-00h03m28s527.png,1280,720,botany_knowledge,126,428,158,460
vlcsnap-2022-01-09-00h03m28s527.png,1280,720,self_care,163,428,195,460
vlcsnap-2022-01-09-00h03m28s527.png,1280,720,borrowed_time,200,428,232,460
vlcsnap-2022-01-09-00h03m28s527.png,1280,720,dead_hard,238,428,270,460
vlcsnap-2022-01-09-00h03m28s527.png,1280,720,lightborn,126,501,158,533
vlcsnap-2022-01-09-00h03m28s527.png,1280,720,bbq_and_chilli,164,501,196,533
vlcsnap-2022-01-09-00h03m28s527.png,1280,720,corrupt_intervention,200,501,232,533
vlcsnap-2022-01-09-00h03m28s527.png,1280,720,discordance,237,501,269,533
vlcsnap-2022-01-09-22h45m19s822.png,1920,1080,windows_of_opportunity,190,427,236,450
vlcsnap-2022-01-09-22h45m19s822.png,1920,1080,dead_hard,299,426,345,449
vlcsnap-2022-01-09-22h45m19s822.png,1920,1080,circle_of_healing,354,426,400,449
vlcsnap-2022-01-09-22h45m19s822.png,1920,1080,circle_of_healing,188,478,234,501
vlcsnap-2022-01-09-22h45m19s822.png,1920,1080,decisive_strike,243,479,289,502
vlcsnap-2022-01-09-22h45m19s822.png,1920,1080,dead_hard,297,479,343,502
vlcsnap-2022-01-09-22h45m19s822.png,1920,1080,iron_will,354,479,400,502
vlcsnap-2022-01-09-22h45m19s822.png,1920,1080,hope,189,532,235,555
vlcsnap-2022-01-09-22h45m19s822.png,1920,1080,circle_of_healing,242,532,288,555
vlcsnap-2022-01-09-22h45m19s822.png,1920,1080,decisive_strike,299,532,345,555
vlcsnap-2022-01-09-22h45m19s822.png,1920,1080,dead_hard,352,532,398,555
vlcsnap-2022-01-09-22h45m19s822.png,1920,1080,balanced_landing,188,583,234,606
vlcsnap-2022-01-09-22h45m19s822.png,1920,1080,borrowed_time,244,584,290,607
vlcsnap-2022-01-09-22h45m19s822.png,1920,1080,self_care,300,584,346,607
vlcsnap-2022-01-09-22h45m19s822.png,1920,1080,iron_will,353,584,399,607
vlcsnap-2022-01-09-22h45m19s822.png,1920,1080,corrupt_intervention,245,636,291,659
vlcsnap-2022-01-09-22h45m19s822.png,1920,1080,bbq_and_chilli,300,636,346,659
vlcsnap-2022-01-09-22h45m19s822.png,1920,1080,lethal_pursuer,354,636,400,659
vlcsnap-2022-01-09-23h47m27s169.png,1280,720,iron_will,127,229,158,254
vlcsnap-2022-01-09-23h47m27s169.png,1280,720,decisive_strike,165,229,196,254
vlcsnap-2022-01-09-23h47m27s169.png,1280,720,borrowed_time,201,229,232,254
vlcsnap-2022-01-09-23h47m27s169.png,1280,720,dead_hard,237,228,268,253
vlcsnap-2022-01-09-23h47m27s169.png,1280,720,sprint_burst,126,291,157,316
vlcsnap-2022-01-09-23h47m27s169.png,1280,720,self_aware,165,290,196,315
vlcsnap-2022-01-09-23h47m27s169.png,1280,720,vigil,202,290,233,315
vlcsnap-2022-01-09-23h47m27s169.png,1280,720,iron_will,238,290,269,315
vlcsnap-2022-01-09-23h47m27s169.png,1280,720,dead_hard,127,353,158,378
vlcsnap-2022-01-09-23h47m27s169.png,1280,720,borrowed_time,165,352,196,377
vlcsnap-2022-01-09-23h47m27s169.png,1280,720,circle_of_healing,201,353,232,378
vlcsnap-2022-01-09-23h47m27s169.png,1280,720,unbreakable,236,353,267,378
vlcsnap-2022-01-09-23h47m27s169.png,1280,720,windows_of_opportunity,126,415,157,440
vlcsnap-2022-01-09-23h47m27s169.png,1280,720,iron_will,163,414,194,439
vlcsnap-2022-01-09-23h47m27s169.png,1280,720,spine_chill,200,414,231,439
vlcsnap-2022-01-09-23h47m27s169.png,1280,720,corrupt_intervention,126,476,157,501
vlcsnap-2022-01-09-23h47m27s169.png,1280,720,enduring,163,478,194,503
vlcsnap-2022-01-09-23h47m27s169.png,1280,720,bbq_and_chilli,199,476,230,501
vlcsnap-2022-01-09-23h47m27s169.png,1280,720,infectious_fright,236,476,267,501
vlcsnap-2022-01-09-23h49m00s884.png,1280,720,dead_hard,126,225,157,250
vlcsnap-2022-01-09-23h49m00s884.png,1280,720,decisive_strike,163,224,194,249
vlcsnap-2022-01-09-23h49m00s884.png,1280,720,resilience,199,225,230,250
vlcsnap-2022-01-09-23h49m00s884.png,1280,720,spine_chill,237,226,268,251
vlcsnap-2022-01-09-23h49m00s884.png,1280,720,sprint_burst,126,287,157,312
vlcsnap-2022-01-09-23h49m00s884.png,1280,720,decisive_strike,163,287,194,312
vlcsnap-2022-01-09-23h49m00s884.png,1280,720,adrenaline,200,287,231,312
vlcsnap-2022-01-09-23h49m00s884.png,1280,720,spine_chill,239,287,270,312
vlcsnap-2022-01-09-23h49m00s884.png,1280,720,dead_hard,127,349,158,374
vlcsnap-2022-01-09-23h49m00s884.png,1280,720,windows_of_opportunity,163,350,194,375
vlcsnap-2022-01-09-23h49m00s884.png,1280,720,borrowed_time,200,350,231,375
vlcsnap-2022-01-09-23h49m00s884.png,1280,720,decisive_strike,236,350,267,375
vlcsnap-2022-01-09-23h49m00s884.png,1280,720,borrowed_time,126,410,157,435
vlcsnap-2022-01-09-23h49m00s884.png,1280,720,dead_hard,163,410,194,435
vlcsnap-2022-01-09-23h49m00s884.png,1280,720,kindred,200,410,231,435
vlcsnap-2022-01-09-23h49m00s884.png,1280,720,spine_chill,237,411,268,436
vlcsnap-2022-01-09-23h49m00s884.png,1280,720,corrupt_intervention,126,473,157,498
vlcsnap-2022-01-09-23h49m00s884.png,1280,720,bbq_and_chilli,163,473,194,498
vlcsnap-2022-01-09-23h49m00s884.png,1280,720,pop_goes_the_weasel,199,473,230,498
vlcsnap-2022-01-09-23h49m00s884.png,1280,720,save_the_best_for_last,237,473,268,498
vlcsnap-2022-01-09-23h50m00s461.png,1280,720,dead_hard,124,227,158,251
vlcsnap-2022-01-09-23h50m00s461.png,1280,720,borrowed_time,162,227,196,251
vlcsnap-2022-01-09-23h50m00s461.png,1280,720,prove_thyself,199,227,233,251
vlcsnap-2022-01-09-23h50m00s461.png,1280,720,were_gonna_live_forever,236,227,270,251
vlcsnap-2022-01-09-23h50m00s461.png,1280,720,spine_chill,124,289,158,313
vlcsnap-2022-01-09-23h50m00s461.png,1280,720,lithe,161,289,195,313
vlcsnap-2022-01-09-23h50m00s461.png,1280,720,streetwise,198,289,232,313
vlcsnap-2022-01-09-23h50m00s461.png,1280,720,self_care,235,289,269,313
vlcsnap-2022-01-09-23h50m00s461.png,1280,720,decisive_strike,125,351,159,375
vlcsnap-2022-01-09-23h50m00s461.png,1280,720,borrowed_time,162,351,196,375
vlcsnap-2022-01-09-23h50m00s461.png,1280,720,sprint_burst,200,351,234,375
vlcsnap-2022-01-09-23h50m00s461.png,1280,720,prove_thyself,237,351,271,375
vlcsnap-2022-01-09-23h50m00s461.png,1280,720,decisive_strike,125,412,159,436
vlcsnap-2022-01-09-23h50m00s461.png,1280,720,prove_thyself,162,412,196,436
vlcsnap-2022-01-09-23h50m00s461.png,1280,720,borrowed_time,198,412,232,436
vlcsnap-2022-01-09-23h50m00s461.png,1280,720,dead_hard,235,412,269,436
vlcsnap-2022-01-09-23h50m00s461.png,1280,720,corrupt_intervention,124,475,158,499
vlcsnap-2022-01-09-23h50m00s461.png,1280,720,bbq_and_chilli,160,475,194,499
vlcsnap-2022-01-09-23h50m00s461.png,1280,720,shadowborn,197,476,231,500
vlcsnap-2022-01-09-23h50m00s461.png,1280,720,no_way_out,236,475,270,499
